"clip_code","culture","type","smiler","source_video","n_frames","folder","file"
"E1SA06-01","Chinese","Fake","E1","Sad 6 CN",84,"Chinese Fake Smiles","Participant 100_Participant 70 chi sad 6 C00_Analysis 1_video_20260707_161638_detailed.txt"
"E01SA01-01","Chinese","Fake","E01","Sad 1 CN",33,"Chinese Fake Smiles","Participant 107_Participant 77 chi sad 1 C01_Analysis 1_video_20260707_164701_detailed.txt"
"E01SA03-01","Chinese","Fake","E01","Sad 3 CN",43,"Chinese Fake Smiles","Participant 108_Participant 78 chi sad 2 C01_Analysis 1_video_20260707_164738_detailed.txt"
"E01SA04-01","Chinese","Fake","E01","Sad 4 CN",31,"Chinese Fake Smiles","Participant 109_Participant 79 chi sad 3 C01_Analysis 3_video_20260707_164924_detailed.txt"
"E01SA05-01","Chinese","Fake","E01","Sad 5 CN",15,"Chinese Fake Smiles","Participant 110_Participant 80 chi sad 4 C01_Analysis 1_video_20260707_165000_detailed.txt"
"E01SA06-01","Chinese","Fake","E01","Sad 6 CN",30,"Chinese Fake Smiles","Participant 111_Participant 81 chi sad 5 C01_Analysis 1_video_20260707_165033_detailed.txt"
"E01SA07-01","Chinese","Fake","E01","Sad 7 CN",50,"Chinese Fake Smiles","Participant 112_Participant 82 chi sad 6 C01_Analysis 1_video_20260707_165131_detailed.txt"
"E04SA01-01","Chinese","Fake","E04","Sad 1 CN",32,"Chinese Fake Smiles","Participant 119_Participant 89  chi sad 1 C04_Analysis 1_video_20260707_170057_detailed.txt"
"E04SA02-01","Chinese","Fake","E04","Sad 2 CN",52,"Chinese Fake Smiles","Participant 120_Participant 90  chi sad 2 C04_Analysis 1_video_20260707_170125_detailed.txt"
"E04SA03-05","Chinese","Fake","E04","Sad 3 CN",42,"Chinese Fake Smiles","Participant 121_Participant 91  chi sad 3 C04_Analysis 1_video_20260707_170150_detailed.txt"
"E04SA04-04","Chinese","Fake","E04","Sad 4 CN",30,"Chinese Fake Smiles","Participant 122_Participant 92  chi sad 4 C04_Analysis 1_video_20260707_170232_detailed.txt"
"E04SA05-01","Chinese","Fake","E04","Sad 5 CN",55,"Chinese Fake Smiles","Participant 123_Participant 93  chi sad 5 C04_Analysis 1_video_20260707_170524_detailed.txt"
"E04SA07-03","Chinese","Fake","E04","Sad 7 CN",33,"Chinese Fake Smiles","Participant 124_Participant 94  chi sad 6 C04_Analysis 1_video_20260707_170601_detailed.txt"
"E06SA01-05","Chinese","Fake","E06","Sad 1 CN",29,"Chinese Fake Smiles","Participant 131_Participant 101 chi sad 1 C06_Analysis 1_video_20260707_171213_detailed.txt"
"E06SA02-04","Chinese","Fake","E06","Sad 2 CN",27,"Chinese Fake Smiles","Participant 132_Participant 102 chi sad 2 C06_Analysis 1_video_20260707_171312_detailed.txt"
"E06SA03-01","Chinese","Fake","E06","Sad 3 CN",32,"Chinese Fake Smiles","Participant 133_Participant 103 chi sad 3 C06_Analysis 1_video_20260707_171343_detailed.txt"
"E06SA03-06","Chinese","Fake","E06","Sad 3 CN",36,"Chinese Fake Smiles","Participant 134_Participant 104 chi sad 4 C06_Analysis 1_video_20260707_171418_detailed.txt"
"E06SA04-04","Chinese","Fake","E06","Sad 4 CN",38,"Chinese Fake Smiles","Participant 135_Participant 105 chi sad 5 C06_Analysis 1_video_20260707_171443_detailed.txt"
"E06SA05-03","Chinese","Fake","E06","Sad 5 CN",28,"Chinese Fake Smiles","Participant 136_Participant 106 chi sad 6 C06_Analysis 1_video_20260707_171510_detailed.txt"
"E07HA02-03","Chinese","Genuine","E07","Sad 2 CN",70,"Chinese Fake Smiles","Participant 143_Participant 113 chi sad 1 C07_Analysis 1_video_20260707_172233_detailed.txt"
"E07SA03-01","Chinese","Fake","E07","Sad 3 CN",36,"Chinese Fake Smiles","Participant 144_Participant 114 chi sad 2 C07_Analysis 1_video_20260707_172333_detailed.txt"
"E07SA03-02","Chinese","Fake","E07","Sad 3 CN",35,"Chinese Fake Smiles","Participant 145_Participant 115 chi sad 3 C07_Analysis 1_video_20260707_172406_detailed.txt"
"E07SA04-02","Chinese","Fake","E07","Sad 4 CN",38,"Chinese Fake Smiles","Participant 146_Participant 116 chi sad 4 C07_Analysis 1_video_20260707_172436_detailed.txt"
"E07SA05-01","Chinese","Fake","E07","Sad 5 CN",53,"Chinese Fake Smiles","Participant 147_Participant 117 chi sad 5 C07_Analysis 1_video_20260707_172508_detailed.txt"
"E07SA05-03","Chinese","Fake","E07","Sad 5 CN",64,"Chinese Fake Smiles","Participant 148_Participant 118 chi sad 6 C07_Analysis 1_video_20260707_172540_detailed.txt"
"E09SA01-01","Chinese","Fake","E09","Sad 1 CN",46,"Chinese Fake Smiles","Participant 155_Participant 125  chi sad 1 C09_Analysis 1_video_20260707_174430_detailed.txt"
"E09SA02-02","Chinese","Fake","E09","Sad 2 CN",44,"Chinese Fake Smiles","Participant 156_Participant 126  chi sad 2 C09_Analysis 1_video_20260707_174453_detailed.txt"
"E09SA02-03","Chinese","Fake","E09","Sad 2 CN",35,"Chinese Fake Smiles","Participant 157_Participant 127  chi sad 3 C09_Analysis 1_video_20260707_174527_detailed.txt"
"E09SA03-02","Chinese","Fake","E09","Sad 3 CN",34,"Chinese Fake Smiles","Participant 158_Participant 128  chi sad 4 C09_Analysis 1_video_20260707_174556_detailed.txt"
"E09SA04-01","Chinese","Fake","E09","Sad 4 CN",36,"Chinese Fake Smiles","Participant 159_Participant 129  chi sad 5 C09_Analysis 1_video_20260707_174633_detailed.txt"
"E09SA06-01","Chinese","Fake","E09","Sad 6 CN",45,"Chinese Fake Smiles","Participant 160_Participant 130 chi sad 6 C09_Analysis 1_video_20260707_174701_detailed.txt"
"E10SA02-02","Chinese","Fake","E10","Sad 2 CN",35,"Chinese Fake Smiles","Participant 167_Participant 137 chi sad 1 C010_Analysis 1_video_20260707_175137_detailed.txt"
"E10SA04-01","Chinese","Fake","E10","Sad 4 CN",29,"Chinese Fake Smiles","Participant 168_Participant 138  chi sad 2 C010_Analysis 1_video_20260707_175207_detailed.txt"
"E10SA04-03","Chinese","Fake","E10","Sad 4 CN",58,"Chinese Fake Smiles","Participant 169_Participant 139  chi sad 3 C010_Analysis 1_video_20260707_175240_detailed.txt"
"E10SA06-04","Chinese","Fake","E10","Sad 6 CN",68,"Chinese Fake Smiles","Participant 170_Participant 140  chi sad 4 C010_Analysis 1_video_20260707_175324_detailed.txt"
"E10SA07-01","Chinese","Fake","E10","Sad 7 CN",36,"Chinese Fake Smiles","Participant 171_Participant 141  chi sad 5 C010_Analysis 1_video_20260707_175353_detailed.txt"
"E10SA07-04","Chinese","Fake","E10","Sad 7 CN",55,"Chinese Fake Smiles","Participant 172_Participant 142  chi sad 6 C010_Analysis 1_video_20260707_175425_detailed.txt"
"E11SA02-03","Chinese","Fake","E11","Sad 2 CN",60,"Chinese Fake Smiles","Participant 179_Participant 149 chi sad 1 C011_Analysis 1_video_20260707_180646_detailed.txt"
"E11SA02-04","Chinese","Fake","E11","Sad 2 CN",31,"Chinese Fake Smiles","Participant 180_Participant 150 chi sad 2 C011_Analysis 1_video_20260707_180728_detailed.txt"
"E11SA03-03","Chinese","Fake","E11","Sad 3 CN",23,"Chinese Fake Smiles","Participant 181_Participant 151 chi sad 3 C011_Analysis 1_video_20260707_180805_detailed.txt"
"E11SA05-02","Chinese","Fake","E11","Sad 5 CN",47,"Chinese Fake Smiles","Participant 182_Participant 152 chi sad 4 C011_Analysis 1_video_20260707_180834_detailed.txt"
"E11SA05-04","Chinese","Fake","E11","Sad 5 CN",22,"Chinese Fake Smiles","Participant 183_Participant 153 chi sad 5 C011_Analysis 1_video_20260707_180916_detailed.txt"
"E11SA07-01","Chinese","Fake","E11","Sad 7 CN",43,"Chinese Fake Smiles","Participant 184_Participant 154 chi sad 6 C011_Analysis 1_video_20260707_180953_detailed.txt"
"E13SA01-02","Chinese","Fake","E13","Sad 1 CN",50,"Chinese Fake Smiles","Participant 191_Participant 161 chi sad 1 C013_Analysis 1_video_20260707_181447_detailed.txt"
"E13SA03-02","Chinese","Fake","E13","Sad 3 CN",35,"Chinese Fake Smiles","Participant 192_Participant 162  chi sad 2 C013_Analysis 1_video_20260707_181531_detailed.txt"
"E13SA04-01","Chinese","Fake","E13","Sad 4 CN",68,"Chinese Fake Smiles","Participant 193_Participant 163  chi sad 3 C013_Analysis 1_video_20260707_182915_detailed.txt"
"E13SA05-03","Chinese","Fake","E13","Sad 5 CN",40,"Chinese Fake Smiles","Participant 194_Participant 164  chi sad 4 C013_Analysis 1_video_20260707_182958_detailed.txt"
"E13SA06-02","Chinese","Fake","E13","Sad 6 CN",51,"Chinese Fake Smiles","Participant 195_Participant 165  chi sad 5 C013_Analysis 1_video_20260707_183028_detailed.txt"
"E13SA07-01","Chinese","Fake","E13","Sad 7 CN",60,"Chinese Fake Smiles","Participant 196_Participant 166  chi sad 6 C013_Analysis 1_video_20260707_183100_detailed.txt"
"E14SA01-04","Chinese","Fake","E14","Sad 1 CN",32,"Chinese Fake Smiles","Participant 203_Participant 173  chi sad 1 C014_Analysis 1_video_20260707_183702_detailed.txt"
"E14SA02-01","Chinese","Fake","E14","Sad 2 CN",45,"Chinese Fake Smiles","Participant 204_Participant 174  chi sad 2 C014_Analysis 1_video_20260707_183739_detailed.txt"
"E14SA03-03","Chinese","Fake","E14","Sad 3 CN",31,"Chinese Fake Smiles","Participant 205_Participant 175  chi sad 3 C014_Analysis 1_video_20260707_183811_detailed.txt"
"E14SA04-03","Chinese","Fake","E14","Sad 4 CN",37,"Chinese Fake Smiles","Participant 206_Participant 176  chi sad 4 C014_Analysis 1_video_20260707_183838_detailed.txt"
"E14SA05-07","Chinese","Fake","E14","Sad 5 CN",35,"Chinese Fake Smiles","Participant 207_Participant 177  chi sad 5 C014_Analysis 1_video_20260707_183907_detailed.txt"
"E14SA06-04","Chinese","Fake","E14","Sad 6 CN",43,"Chinese Fake Smiles","Participant 208_Participant 178  chi sad 6 C014_Analysis 1_video_20260707_183945_detailed.txt"
"E15SA01-02","Chinese","Fake","E15","Sad 1 CN",54,"Chinese Fake Smiles","Participant 215_Participant 185 chi sad 1 C015_Analysis 1_video_20260707_185424_detailed.txt"
"E15SA03-01","Chinese","Fake","E15","Sad 3 CN",31,"Chinese Fake Smiles","Participant 216_Participant 186 chi sad 2 C015_Analysis 1_video_20260707_185508_detailed.txt"
"E15SA03-04","Chinese","Fake","E15","Sad 3 CN",21,"Chinese Fake Smiles","Participant 217_Participant 187 chi sad 3 C015_Analysis 1_video_20260707_185539_detailed.txt"
"E15SA06-01","Chinese","Fake","E15","Sad 6 CN",24,"Chinese Fake Smiles","Participant 218_Participant 188 chi sad 4 C015_Analysis 1_video_20260707_185617_detailed.txt"
"E15SA07-01","Chinese","Fake","E15","Sad 7 CN",45,"Chinese Fake Smiles","Participant 219_Participant 189 chi sad 5 C015_Analysis 1_video_20260707_185655_detailed.txt"
"E15SA07-02","Chinese","Fake","E15","Sad 7 CN",37,"Chinese Fake Smiles","Participant 220_Participant 190 chi sad 6 C015_Analysis 1_video_20260707_185726_detailed.txt"
"E17SA01-01","Chinese","Fake","E17","Sad 1 CN",53,"Chinese Fake Smiles","Participant 227_Participant 197 chi sad 1 C017_Analysis 1_video_20260707_190255_detailed.txt"
"E17SA02-01","Chinese","Fake","E17","Sad 3 CN",69,"Chinese Fake Smiles","Participant 228_Participant 198 chi sad 2 C017_Analysis 1_video_20260707_190325_detailed.txt"
"E17SA02-02","Chinese","Fake","E17","Sad 3 CN",40,"Chinese Fake Smiles","Participant 229_Participant 199 chi sad 3 C017_Analysis 1_video_20260707_190354_detailed.txt"
"E17SA05-01","Chinese","Fake","E17","Sad 5 CN",73,"Chinese Fake Smiles","Participant 230_Participant 200 chi sad 4 C017_Analysis 1_video_20260707_190429_detailed.txt"
"E17SA07-01","Chinese","Fake","E17","Sad 7 CN",37,"Chinese Fake Smiles","Participant 231_Participant 201 chi sad 5 C017_Analysis 1_video_20260707_190522_detailed.txt"
"E17SA07-06","Chinese","Fake","E17","Sad 7 CN",29,"Chinese Fake Smiles","Participant 232_Participant 202 chi sad 6 C017_Analysis 1_video_20260707_190555_detailed.txt"
"E18SA01-03","Chinese","Fake","E18","Sad 1 CN",23,"Chinese Fake Smiles","Participant 239_Participant 209 chi sad 1 C018_Analysis 1_video_20260707_192205_detailed.txt"
"E18SA02-02","Chinese","Fake","E18","Sad 2 CN",35,"Chinese Fake Smiles","Participant 240_Participant 210  chi sad 2 C018_Analysis 1_video_20260707_192322_detailed.txt"
"E18SA04-01","Chinese","Fake","E18","Sad 4 CN",29,"Chinese Fake Smiles","Participant 241_Participant 211  chi sad 3 C018_Analysis 1_video_20260707_192403_detailed.txt"
"E18SA05-01","Chinese","Fake","E18","Sad 5 CN",25,"Chinese Fake Smiles","Participant 242_Participant 212  chi sad 4 C018_Analysis 1_video_20260707_192434_detailed.txt"
"E18SA06-01","Chinese","Fake","E18","Sad 6 CN",45,"Chinese Fake Smiles","Participant 243_Participant 213  chi sad 5 C018_Analysis 1_video_20260707_192540_detailed.txt"
"E18SA07-01","Chinese","Fake","E18","Sad 7 CN",27,"Chinese Fake Smiles","Participant 244_Participant 214  chi sad 6 C018_Analysis 1_video_20260707_192635_detailed.txt"
"E19SA05-01","Chinese","Fake","E19","Sad 5 CN",40,"Chinese Fake Smiles","Participant 251_Participant 221 chi sad 1 C019_Analysis 1_video_20260707_193237_detailed.txt"
"E19SA05-02","Chinese","Fake","E19","Sad 5 CN",39,"Chinese Fake Smiles","Participant 252_Participant 223 chi sad 2 C019_Analysis 1_video_20260707_193315_detailed.txt"
"E19SA06-02","Chinese","Fake","E19","Sad 6 CN",68,"Chinese Fake Smiles","Participant 253_Participant 224 chi sad 3 C019_Analysis 1_video_20260707_193358_detailed.txt"
"E19SA06-03","Chinese","Fake","E19","Sad 6 CN",55,"Chinese Fake Smiles","Participant 254_Participant 225 chi sad 4 C019_Analysis 1_video_20260707_193434_detailed.txt"
"E19SA07-01","Chinese","Fake","E19","Sad 7 CN",21,"Chinese Fake Smiles","Participant 255_Participant 226 chi sad 5 C019_Analysis 1_video_20260707_193458_detailed.txt"
"E19SA07-03","Chinese","Fake","E19","Sad 7 CN",56,"Chinese Fake Smiles","Participant 256_Participant 227 chi sad 6 C019_Analysis 1_video_20260707_193543_detailed.txt"
"E20SA04-01","Chinese","Fake","E20","Sad 4 CN",28,"Chinese Fake Smiles","Participant 263_Participant 234 chi sad 1 C020_Analysis 1_video_20260707_194530_detailed.txt"
"E20SA07-01","Chinese","Fake","E20","Sad 7 CN",45,"Chinese Fake Smiles","Participant 264_Participant 235 chi sad 2 C020_Analysis 1_video_20260707_194608_detailed.txt"
"E20SA07-02","Chinese","Fake","E20","Sad 7 CN",21,"Chinese Fake Smiles","Participant 265_Participant 236  chi sad 3 C020_Analysis 1_video_20260707_194653_detailed.txt"
"E20SA07-03","Chinese","Fake","E20","Sad 7 CN",30,"Chinese Fake Smiles","Participant 266_Participant 237 chi sad 4 C020_Analysis 1_video_20260707_195723_detailed.txt"
"E20SA07-04","Chinese","Fake","E20","Sad 7 CN",44,"Chinese Fake Smiles","Participant 267_Participant 238 chi sad 5 C020_Analysis 1_video_20260707_195753_detailed.txt"
"E20SA07-05","Chinese","Fake","E20","Sad 7 CN",28,"Chinese Fake Smiles","Participant 268_Participant 239 chi sad 6 C020_Analysis 1_video_20260707_195823_detailed.txt"
"E22SA01-02","Chinese","Fake","E22","Sad 1 CN",32,"Chinese Fake Smiles","Participant 275_Participant 246 chi sad 1 C022_Analysis 1_video_20260707_200338_detailed.txt"
"E22SA02-01","Chinese","Fake","E22","Sad 2 CN",42,"Chinese Fake Smiles","Participant 276_Participant 247  chi sad 2 C022_Analysis 1_video_20260707_200415_detailed.txt"
"E22SA02-03","Chinese","Fake","E22","Sad 2 CN",32,"Chinese Fake Smiles","Participant 277_Participant 248  chi sad 3 C022_Analysis 1_video_20260707_200527_detailed.txt"
"E22SA03-01","Chinese","Fake","E22","Sad 3 CN",28,"Chinese Fake Smiles","Participant 278_Participant 249  chi sad 4 C022_Analysis 1_video_20260707_200601_detailed.txt"
"E22SA04-02","Chinese","Fake","E22","Sad 4 CN",65,"Chinese Fake Smiles","Participant 279_Participant 250  chi sad 5 C022_Analysis 1_video_20260707_200644_detailed.txt"
"E22SA04-03","Chinese","Fake","E22","Sad 4 CN",28,"Chinese Fake Smiles","Participant 280_Participant 251  chi sad 6 C022_Analysis 1_video_20260707_200715_detailed.txt"
"E23SA01-02","Chinese","Fake","E23","Sad 1 CN",20,"Chinese Fake Smiles","Participant 287_Participant 258  chi sad 1 C023_Analysis 1_video_20260707_201159_detailed.txt"
"E23SA02-06","Chinese","Fake","E23","Sad 2 CN",34,"Chinese Fake Smiles","Participant 288_Participant 259  chi sad 2 C023_Analysis 1_video_20260707_201244_detailed.txt"
"E23SA02-07","Chinese","Fake","E23","Sad 2 CN",35,"Chinese Fake Smiles","Participant 289_Participant 260  chi sad 3 C023_Analysis 1_video_20260713_135434_detailed.txt"
"E23SA03-06","Chinese","Fake","E23","Sad 3 CN",20,"Chinese Fake Smiles","Participant 290_Participant 261 chi sad 4 C023_Analysis 1_video_20260713_135549_detailed.txt"
"E23SA04-04","Chinese","Fake","E23","Sad 4 CN",49,"Chinese Fake Smiles","Participant 291_Participant 262 chi sad 5 C023_Analysis 1_video_20260713_135623_detailed.txt"
"E23SA04-05","Chinese","Fake","E23","Sad 4 CN",41,"Chinese Fake Smiles","Participant 292_Participant 263 chi sad 6 C023_Analysis 1_video_20260713_135700_detailed.txt"
"E24SA02-01","Chinese","Fake","E24","Sad 2 CN",38,"Chinese Fake Smiles","Participant 299_Participant 270 chi sad 1 C024_Analysis 1_video_20260713_141656_detailed.txt"
"E24SA03-02","Chinese","Fake","E24","Sad 3 CN",21,"Chinese Fake Smiles","Participant 300_Participant 271 chi sad 2 C024_Analysis 1_video_20260713_141749_detailed.txt"
"E24SA03-03","Chinese","Fake","E24","Sad 3 CN",55,"Chinese Fake Smiles","Participant 301_Participant 272 chi sad 3 C024_Analysis 1_video_20260713_141822_detailed.txt"
"E24SA05-01","Chinese","Fake","E24","Sad 5 CN",26,"Chinese Fake Smiles","Participant 302_Participant 273 chi sad 4 C024_Analysis 1_video_20260713_141850_detailed.txt"
"E24SA05-03","Chinese","Fake","E24","Sad 5 CN",30,"Chinese Fake Smiles","Participant 303_Participant 274 chi sad 5 C024_Analysis 1_video_20260713_141928_detailed.txt"
"E24SA06-03","Chinese","Fake","E24","Sad 6 CN",22,"Chinese Fake Smiles","Participant 304_Participant 275 chi sad 6 C024_Analysis 1_video_20260713_142003_detailed.txt"
"E25SA01-02","Chinese","Fake","E25","Sad 1 CN",60,"Chinese Fake Smiles","Participant 311_Participant 282  chi sad 1 C025 _Analysis 1_video_20260713_142442_detailed.txt"
"E25SA03-02","Chinese","Fake","E25","Sad 3 CN",47,"Chinese Fake Smiles","Participant 312_Participant 283   chi sad 2 C025 _Analysis 1_video_20260713_142520_detailed.txt"
"E25SA04-01","Chinese","Fake","E25","Sad 4 CN",28,"Chinese Fake Smiles","Participant 313_Participant 284   chi sad 3 C025 _Analysis 1_video_20260713_142554_detailed.txt"
"E25SA06-01","Chinese","Fake","E25","Sad 6 CN",44,"Chinese Fake Smiles","Participant 314_Participant 285   chi sad 4 C025 _Analysis 1_video_20260713_142623_detailed.txt"
"E25SA06-03","Chinese","Fake","E25","Sad 6 CN",71,"Chinese Fake Smiles","Participant 315_Participant 286   chi sad 5 C025 _Analysis 1_video_20260713_142743_detailed.txt"
"E25SA06-04","Chinese","Fake","E25","Sad 6 CN",63,"Chinese Fake Smiles","Participant 316_Participant 287   chi sad 6 C025 _Analysis 1_video_20260713_142814_detailed.txt"
"E26SA01-02","Chinese","Fake","E26","Sad 1 CN",29,"Chinese Fake Smiles","Participant 323_Participant 294 chi sad 1 C026 _Analysis 1_video_20260713_144936_detailed.txt"
"E26SA02-02","Chinese","Fake","E26","Sad 2 CN",43,"Chinese Fake Smiles","Participant 324_Participant 295 chi sad 2 C026 _Analysis 1_video_20260713_145025_detailed.txt"
"E26SA03-01","Chinese","Fake","E26","Sad 3 CN",42,"Chinese Fake Smiles","Participant 325_Participant 296 chi sad 3 C026 _Analysis 1_video_20260713_145057_detailed.txt"
"E26SA04-03","Chinese","Fake","E26","Sad 4 CN",31,"Chinese Fake Smiles","Participant 326_Participant 297 chi sad 4 C026 _Analysis 1_video_20260713_145148_detailed.txt"
"E26SA05-03","Chinese","Fake","E26","Sad 5 CN",49,"Chinese Fake Smiles","Participant 327_Participant 298 chi sad 5 C026 _Analysis 1_video_20260713_145220_detailed.txt"
"E26SA07-04","Chinese","Fake","E26","Sad 7 CN",32,"Chinese Fake Smiles","Participant 328_Participant 299 chi sad 6 C026 _Analysis 1_video_20260713_145249_detailed.txt"
"E27HA03-02","Chinese","Genuine","E27","Sad 3 CN",61,"Chinese Fake Smiles","Participant 335_Participant 306 chi sad 1 C027_Analysis 1_video_20260713_145633_detailed.txt"
"E27SA04-03","Chinese","Fake","E27","Sad 4 CN",74,"Chinese Fake Smiles","Participant 336_Participant 307 chi sad 2 C027_Analysis 1_video_20260713_145737_detailed.txt"
"E27SA06-01","Chinese","Fake","E27","Sad 6 CN",48,"Chinese Fake Smiles","Participant 337_Participant 308 chi sad 3 C027_Analysis 1_video_20260713_145803_detailed.txt"
"E27SA06-02","Chinese","Fake","E27","Sad 6 CN",25,"Chinese Fake Smiles","Participant 338_Participant 309 chi sad 4 C027_Analysis 1_video_20260713_145828_detailed.txt"
"E27SA06-04","Chinese","Fake","E27","Sad 6 CN",80,"Chinese Fake Smiles","Participant 339_Participant 310 chi sad 5 C027_Analysis 1_video_20260713_145856_detailed.txt"
"E27SA06-05","Chinese","Fake","E27","Sad 6 CN",30,"Chinese Fake Smiles","Participant 340_Participant 311 chi sad 6 C027_Analysis 1_video_20260713_145922_detailed.txt"
"E28SA01-01","Chinese","Fake","E28","Sad 1 CN",58,"Chinese Fake Smiles","Participant 347_Participant 318 chi sad 1 C028_Analysis 1_video_20260713_150334_detailed.txt"
"E28SA02-02","Chinese","Fake","E28","Sad 2 CN",32,"Chinese Fake Smiles","Participant 348_Participant 319 chi sad 2 C028_Analysis 1_video_20260713_150411_detailed.txt"
"E28SA03-01","Chinese","Fake","E28","Sad 3 CN",48,"Chinese Fake Smiles","Participant 349_Participant 320 chi sad 3 C028_Analysis 1_video_20260713_150443_detailed.txt"
"W56SA03-02","European","Fake","W56","Sad 3 EN",29,"Chinese Fake Smiles","Participant 35_Participant 7  chi sad 1 56JP_noback_Analysis 1_video_20260707_144956_detailed.txt"
"E28SA04-01","Chinese","Fake","E28","Sad 4 CN",44,"Chinese Fake Smiles","Participant 350_Participant 321 chi sad 4 C028_Analysis 1_video_20260713_150512_detailed.txt"
"E28SA06-03","Chinese","Fake","E28","Sad 6 CN",25,"Chinese Fake Smiles","Participant 351_Participant 322 chi sad 5 C028_Analysis 1_video_20260713_150537_detailed.txt"
"E28SA07-03","Chinese","Fake","E28","Sad 7 CN",65,"Chinese Fake Smiles","Participant 352_Participant 323 chi sad 6 C028_Analysis 1_video_20260713_150608_detailed.txt"
"E30SA02-03","Chinese","Fake","E30","Sad 2 CN",74,"Chinese Fake Smiles","Participant 359_Participant 330 chi sad 1 C030 _Analysis 1_video_20260713_151708_detailed.txt"
"W56SA04-02","European","Fake","W56","Sad 4 EN",41,"Chinese Fake Smiles","Participant 36_Participant 8  chi sad 2 56JP_noback_Analysis 1_video_20260707_145106_detailed.txt"
"E30SA04-01","Chinese","Fake","E30","Sad 4 CN",57,"Chinese Fake Smiles","Participant 360_Participant 331 chi sad 2 C030 _Analysis 1_video_20260713_151742_detailed.txt"
"E30SA04-02","Chinese","Fake","E30","Sad 4 CN",53,"Chinese Fake Smiles","Participant 361_Participant 332 chi sad 3 C030 _Analysis 1_video_20260713_151811_detailed.txt"
"E30SA04-04","Chinese","Fake","E30","Sad 4 CN",62,"Chinese Fake Smiles","Participant 362_Participant 333 chi sad 4 C030 _Analysis 1_video_20260713_151838_detailed.txt"
"E30SA05-01","Chinese","Fake","E30","Sad 5 CN",68,"Chinese Fake Smiles","Participant 363_Participant 334 chi sad 5 C030 _Analysis 1_video_20260713_151908_detailed.txt"
"E30SA07-02","Chinese","Fake","E30","Sad 7 CN",69,"Chinese Fake Smiles","Participant 364_Participant 335 chi sad 6 C030 _Analysis 1_video_20260713_151937_detailed.txt"
"W56SA06-03","European","Fake","W56","Sad 6 EN",73,"Chinese Fake Smiles","Participant 37_Participant 9 chi sad 3 56JP_noback_Analysis 1_video_20260707_145207_detailed.txt"
"E31SA01-01","Chinese","Fake","E31","Sad 1 CN",69,"Chinese Fake Smiles","Participant 371_Participant 342 chi sad 1 C031_Analysis 1_video_20260713_152341_detailed.txt"
"E31SA02-03","Chinese","Fake","E31","Sad 2 CN",39,"Chinese Fake Smiles","Participant 372_Participant 343 chi sad 2 C031_Analysis 1_video_20260713_152420_detailed.txt"
"E31SA03-01","Chinese","Fake","E31","Sad 3 CN",65,"Chinese Fake Smiles","Participant 373_Participant 344 chi sad 3 C031_Analysis 1_video_20260713_152447_detailed.txt"
"E31SA04-02","Chinese","Fake","E31","Sad 4 CN",68,"Chinese Fake Smiles","Participant 374_Participant 345 chi sad 4 C031_Analysis 1_video_20260713_152527_detailed.txt"
"E31SA05-01","Chinese","Fake","E31","Sad 5 CN",61,"Chinese Fake Smiles","Participant 375_Participant 346 chi sad 5 C031_Analysis 1_video_20260713_152602_detailed.txt"
"E31SA07-04","Chinese","Fake","E31","Sad 7 CN",46,"Chinese Fake Smiles","Participant 376_Participant 347 chi sad 6 C031_Analysis 1_video_20260713_152632_detailed.txt"
"E56SA07-03","Chinese","Fake","E56","Sad 7 EN",42,"Chinese Fake Smiles","Participant 38_Participant 10 chi sad 4 56JP_noback_Analysis 1_video_20260707_145246_detailed.txt"
"E32SA02-01","Chinese","Fake","E32","Sad 2 CN",61,"Chinese Fake Smiles","Participant 383_Participant 354 chi sad 1 C032_Analysis 1_video_20260713_153135_detailed.txt"
"E32SA03-02","Chinese","Fake","E32","Sad 3 CN",65,"Chinese Fake Smiles","Participant 384_Participant 355  chi sad 2 C032_Analysis 1_video_20260713_153208_detailed.txt"
"E32SA04-03","Chinese","Fake","E32","Sad 4 CN",40,"Chinese Fake Smiles","Participant 385_Participant 356  chi sad 3 C032_Analysis 1_video_20260713_153238_detailed.txt"
"E32SA05-03","Chinese","Fake","E32","Sad 5 CN",45,"Chinese Fake Smiles","Participant 386_Participant 357  chi sad 4 C032_Analysis 1_video_20260713_153302_detailed.txt"
"E32SA06-01","Chinese","Fake","E32","Sad 6 CN",55,"Chinese Fake Smiles","Participant 387_Participant 358  chi sad 5 C032_Analysis 1_video_20260713_153333_detailed.txt"
"E32SA07-03","Chinese","Fake","E32","Sad 7 CN",66,"Chinese Fake Smiles","Participant 388_Participant 359  chi sad 6 C032_Analysis 1_video_20260713_153403_detailed.txt"
"W56SA07-04","European","Fake","W56","Sad 7 EN",21,"Chinese Fake Smiles","Participant 39_Participant 11 chi sad 5 56JP_noback_Analysis 1_video_20260707_145332_detailed.txt"
"W56SA07-07","European","Fake","W56","Sad 7 EN",46,"Chinese Fake Smiles","Participant 40_Participant 12 chi sad 6 56JP_noback_Analysis 1_video_20260707_145413_detailed.txt"
"W70SA03-01","European","Fake","W70","Sad 3 EN",83,"Chinese Fake Smiles","Participant 47_Participant 19 chi sad 1 70JP_noback_Analysis 1_video_20260707_150337_detailed.txt"
"W70SA04-02","European","Fake","W70","Sad 4 EN",34,"Chinese Fake Smiles","Participant 48_Participant 20 chi sad 2 70JP_noback_Analysis 1_video_20260707_150410_detailed.txt"
"W70SA05-01","European","Fake","W70","Sad 5 EN",42,"Chinese Fake Smiles","Participant 49_Participant 21 chi sad 3 70JP_noback_Analysis 1_video_20260707_150622_detailed.txt"
"W70SA07-01","European","Fake","W70","Sad 7 EN",60,"Chinese Fake Smiles","Participant 50_Participant 22 chi sad 4 70JP_noback_Analysis 1_video_20260707_150719_detailed.txt"
"W70SA07-02","European","Fake","W70","Sad 7 EN",73,"Chinese Fake Smiles","Participant 51_Participant 23 chi sad 5 70JP_noback_Analysis 1_video_20260707_150756_detailed.txt"
"W70SA07-03","European","Fake","W70","Sad 7 EN",67,"Chinese Fake Smiles","Participant 52_Participant 24 chi sad 6 70JP_noback_Analysis 1_video_20260707_150831_detailed.txt"
"W71SA02-01","European","Fake","W71","Sad 2 EN",62,"Chinese Fake Smiles","Participant 59_Participant 31 chi sad 1 1 71JP_noback_Analysis 1_video_20260707_151505_detailed.txt"
"W71SA03-01","European","Fake","W71","Sad 3 EN",27,"Chinese Fake Smiles","Participant 60_Participant 32  chi sad 2 1 71JP_noback_Analysis 1_video_20260707_151542_detailed.txt"
"W71SA04-02","European","Fake","W71","Sad 4 EN",37,"Chinese Fake Smiles","Participant 61_Participant 33  chi sad 3 1 71JP_noback_Analysis 1_video_20260707_151615_detailed.txt"
"W71SA06-05","European","Fake","W71","Sad 6 EN",60,"Chinese Fake Smiles","Participant 62_Participant 34 chi sad 4 1 71JP_noback_Analysis 1_video_20260707_151655_detailed.txt"
"W71SA06-06","European","Fake","W71","Sad 6 EN",42,"Chinese Fake Smiles","Participant 63_Participant 35  chi sad 5 1 71JP_noback_Analysis 1_video_20260707_151732_detailed.txt"
"W71SA07-04","European","Fake","W71","Sad 7 EN",39,"Chinese Fake Smiles","Participant 64_Participant 36  chi sad 6 1 71JP_noback_Analysis 1_video_20260707_151802_detailed.txt"
"W72SA01-01","European","Fake","W72","Sad 1 EN",78,"Chinese Fake Smiles","Participant 71_Participant 42b chi sad 1 72SGP_noback_Analysis 1_video_20260707_154712_detailed.txt"
"W72SA02-02","European","Fake","W72","Sad 2 EN",26,"Chinese Fake Smiles","Participant 72_Participant 43  chi sad 2 72SGP_noback_Analysis 1_video_20260707_154737_detailed.txt"
"W72SA03-01","European","Fake","W72","Sad 3 EN",26,"Chinese Fake Smiles","Participant 73_Participant 44  chi sad 3 72SGP_noback_Analysis 1_video_20260707_154820_detailed.txt"
"W72SA04-01","European","Fake","W72","Sad 4 EN",49,"Chinese Fake Smiles","Participant 74_Participant 45  chi sad 4 72SGP_noback_Analysis 1_video_20260707_154903_detailed.txt"
"W72SA04-02","European","Fake","W72","Sad 4 EN",44,"Chinese Fake Smiles","Participant 75_Participant 46  chi sad 5 72SGP_noback_Analysis 1_video_20260707_154934_detailed.txt"
"W72SA05-02","European","Fake","W72","Sad 5 EN",21,"Chinese Fake Smiles","Participant 76_Participant 47  chi sad 6 72SGP_noback_Analysis 1_video_20260707_155000_detailed.txt"
"W73SA02-04","European","Fake","W73","Sad 2 EN",25,"Chinese Fake Smiles","Participant 83_Participant 54 chi sad 1 73CN_noback_Analysis 1_video_20260707_155722_detailed.txt"
"W73SA03-03","European","Fake","W73","Sad 3 EN",48,"Chinese Fake Smiles","Participant 84_Participant 55 chi sad 2 73CN_noback_Analysis 1_video_20260707_155952_detailed.txt"
"W73SA04-05","European","Fake","W73","Sad 4 EN",26,"Chinese Fake Smiles","Participant 85_Participant 56  chi sad 3 73CN_noback_Analysis 1_video_20260707_160028_detailed.txt"
"W73SA05-01","European","Fake","W73","Sad 5 EN",59,"Chinese Fake Smiles","Participant 86_Participant 57  chi sad 4 73CN_noback_Analysis 1_video_20260707_160638_detailed.txt"
"W73SA05-04","European","Fake","W73","Sad 5 EN",49,"Chinese Fake Smiles","Participant 87_Participant 58  chi sad 5 73CN_noback_Analysis 1_video_20260707_160726_detailed.txt"
"W73SA07-02","European","Fake","W73","Sad 7 EN",30,"Chinese Fake Smiles","Participant 88_Participant 59  chi sad 6 73CN_noback_Analysis 1_video_20260707_160752_detailed.txt"
"E1SA01-01","Chinese","Fake","E1","Sad 1 CN",64,"Chinese Fake Smiles","Participant 95_Participant 66 chi sad 1 C00_Analysis 1_video_20260707_161234_detailed.txt"
"E1SA03-01","Chinese","Fake","E1","Sad 3 CN",40,"Chinese Fake Smiles","Participant 96_Participant 66b chi sad 2 C00_Analysis 1_video_20260707_161319_detailed.txt"
"E1SA03-04","Chinese","Fake","E1","Sad 3 CN",75,"Chinese Fake Smiles","Participant 97_Participant 67 chi sad 3 C00_Analysis 1_video_20260707_161449_detailed.txt"
"E1SA04-01","Chinese","Fake","E1","Sad 4 CN",46,"Chinese Fake Smiles","Participant 98_Participant 68 chi sad 4 C00_Analysis 1_video_20260707_161533_detailed.txt"
"E1SA05-02","Chinese","Fake","E1","Sad 5 CN",33,"Chinese Fake Smiles","Participant 99_Participant 99 chi sad 5 C00_Analysis 1_video_20260707_161600_detailed.txt"
"E01HA01-01","Chinese","Genuine","E01","Happy 1 CN",27,"Chinese Genuine Smiles","Participant 101_Participant 71 chi hap 1 C01_Analysis 1_video_20260707_161843_detailed.txt"
"E01HA01-03","Chinese","Genuine","E01","Happy 1 CN",47,"Chinese Genuine Smiles","Participant 102_Participant 72 chi hap 2 C01_Analysis 1_video_20260707_164312_detailed.txt"
"E01HA02-01","Chinese","Genuine","E01","Happy 2 CN",40,"Chinese Genuine Smiles","Participant 103_Participant 73 chi hap 3 C01_Analysis 1_video_20260707_164416_detailed.txt"
"E01HA03-01","Chinese","Genuine","E01","Happy 3 CN",51,"Chinese Genuine Smiles","Participant 104_Participant 74 chi hap 4 C01_Analysis 1_video_20260707_164518_detailed.txt"
"E01HA07-01","Chinese","Genuine","E01","Happy 7 CN",46,"Chinese Genuine Smiles","Participant 105_Participant 75 chi hap 5 C01_Analysis 1_video_20260707_164551_detailed.txt"
"E01HA07-02","Chinese","Genuine","E01","Happy 7 CN",33,"Chinese Genuine Smiles","Participant 106_Participant 76 chi hap 6 C01_Analysis 1_video_20260707_164623_detailed.txt"
"E04HA02-03","Chinese","Genuine","E04","Happy 2 CN",41,"Chinese Genuine Smiles","Participant 113_Participant 83 chi hap 1 C04_Analysis 3_video_20260707_165450_detailed.txt"
"E04HA02-05","Chinese","Genuine","E04","Happy 2 CN",41,"Chinese Genuine Smiles","Participant 114_Participant 84 chi hap 2 C04_Analysis 1_video_20260707_165604_detailed.txt"
"E04HA02-08","Chinese","Genuine","E04","Happy 2 CN",31,"Chinese Genuine Smiles","Participant 115_Participant 85 chi hap 3 C04_Analysis 1_video_20260707_165718_detailed.txt"
"E04HA03-01","Chinese","Genuine","E04","Happy 3 CN",80,"Chinese Genuine Smiles","Participant 116_Participant 86  chi hap 4 C04_Analysis 1_video_20260707_165753_detailed.txt"
"E04HA04-01","Chinese","Genuine","E04","Happy 4 CN",37,"Chinese Genuine Smiles","Participant 117_Participant 87  chi hap 5 C04_Analysis 1_video_20260707_165841_detailed.txt"
"E04HA06-08","Chinese","Genuine","E04","Happy 6 CN",34,"Chinese Genuine Smiles","Participant 118_Participant 88  chi hap 6 C04_Analysis 1_video_20260707_165938_detailed.txt"
"E06HA01-05","Chinese","Genuine","E06","Happy 1 CN",32,"Chinese Genuine Smiles","Participant 125_Participant 95 chi hap 1 C06_Analysis 1_video_20260707_170822_detailed.txt"
"E06HA03-02","Chinese","Genuine","E06","Happy 3 CN",41,"Chinese Genuine Smiles","Participant 126_Participant 96 chi hap 2 C06_Analysis 1_video_20260707_170859_detailed.txt"
"E06HA04-01","Chinese","Genuine","E06","Happy 4 CN",35,"Chinese Genuine Smiles","Participant 127_Participant 97 chi hap 3 C06_Analysis 1_video_20260707_170954_detailed.txt"
"E06HA05-03","Chinese","Genuine","E06","Happy 5 CN",32,"Chinese Genuine Smiles","Participant 128_Participant 98 chi hap 4 C06_Analysis 1_video_20260707_171027_detailed.txt"
"E06HA06-10","Chinese","Genuine","E06","Happy 6 CN",49,"Chinese Genuine Smiles","Participant 129_Participant 99 chi hap 5 C06_Analysis 1_video_20260707_171100_detailed.txt"
"E06HA07-03","Chinese","Genuine","E06","Happy 7 CN",49,"Chinese Genuine Smiles","Participant 130_Participant 100 chi hap 6 C06_Analysis 1_video_20260707_171126_detailed.txt"
"E07HA02-01","Chinese","Genuine","E07","Happy 2 CN",73,"Chinese Genuine Smiles","Participant 137_Participant 107 chi hap 1 C07_Analysis 1_video_20260707_171610_detailed.txt"
"E07HA02-02","Chinese","Genuine","E07","Happy 2 CN",83,"Chinese Genuine Smiles","Participant 138_Participant 108 chi hap 2 C07_Analysis 1_video_20260707_171650_detailed.txt"
"E07HA04-02","Chinese","Genuine","E07","Happy 4 CN",62,"Chinese Genuine Smiles","Participant 139_Participant 109 chi hap 3 C07_Analysis 1_video_20260707_171746_detailed.txt"
"E07HA05-03","Chinese","Genuine","E07","Happy 5 CN",75,"Chinese Genuine Smiles","Participant 140_Participant 110 chi hap 4 C07_Analysis 1_video_20260707_172027_detailed.txt"
"E07HA07-02","Chinese","Genuine","E07","Happy 7 CN",99,"Chinese Genuine Smiles","Participant 141_Participant 111 chi hap 5 C07_Analysis 1_video_20260707_172101_detailed.txt"
"E07HA07-03","Chinese","Genuine","E07","Happy 7 CN",66,"Chinese Genuine Smiles","Participant 142_Participant 112 chi hap 6 C07_Analysis 1_video_20260707_172139_detailed.txt"
"E09HA01-02","Chinese","Genuine","E09","Happy 1 CN",36,"Chinese Genuine Smiles","Participant 149_Participant 119 chi hap 1 C09_Analysis 1_video_20260707_172745_detailed.txt"
"E09HA05-03","Chinese","Genuine","E09","Happy 5 CN",41,"Chinese Genuine Smiles","Participant 150_Participant 120 chi hap 2 C09_Analysis 1_video_20260707_172827_detailed.txt"
"E09HA05-04","Chinese","Genuine","E09","Happy 5 CN",43,"Chinese Genuine Smiles","Participant 151_Participant 121  chi hap 3 C09_Analysis 1_video_20260707_172857_detailed.txt"
"E09HA06-02","Chinese","Genuine","E09","Happy 6 CN",36,"Chinese Genuine Smiles","Participant 152_Participant 122  chi hap 4 C09_Analysis 1_video_20260707_174257_detailed.txt"
"E09HA07-02","Chinese","Genuine","E09","Happy 7 CN",55,"Chinese Genuine Smiles","Participant 153_Participant 123  chi hap 5 C09_Analysis 1_video_20260707_174331_detailed.txt"
"E09HA07-03","Chinese","Genuine","E09","Happy 7 CN",62,"Chinese Genuine Smiles","Participant 154_Participant 124  chi hap 6 C09_Analysis 1_video_20260707_174359_detailed.txt"
"E10HA01-02","Chinese","Genuine","E10","Happy 1 CN",76,"Chinese Genuine Smiles","Participant 161_Participant 131  chi hap 1 C010_Analysis 1_video_20260707_174759_detailed.txt"
"E10HA02-01","Chinese","Genuine","E10","Happy 2 CN",56,"Chinese Genuine Smiles","Participant 162_Participant 132 chi hap 2 C010_Analysis 1_video_20260707_174845_detailed.txt"
"E10HA03-01","Chinese","Genuine","E10","Happy 3 CN",62,"Chinese Genuine Smiles","Participant 163_Participant 133 chi hap 3 C010_Analysis 1_video_20260707_174918_detailed.txt"
"E10HA04-03","Chinese","Genuine","E10","Happy 4 CN",50,"Chinese Genuine Smiles","Participant 164_Participant 134 chi hap 4 C010_Analysis 1_video_20260707_174958_detailed.txt"
"E10HA05-01","Chinese","Genuine","E10","Happy 5 CN",33,"Chinese Genuine Smiles","Participant 165_Participant 135 chi hap 5 C010_Analysis 1_video_20260707_175029_detailed.txt"
"E10HA07-03","Chinese","Genuine","E10","Happy 7 CN",44,"Chinese Genuine Smiles","Participant 166_Participant 136 chi hap 6 C010_Analysis 1_video_20260707_175058_detailed.txt"
"E11HA01-01","Chinese","Genuine","E11","Happy 1 CN",23,"Chinese Genuine Smiles","Participant 173_Participant 143 chi hap 1 C011_Analysis 4_video_20260707_180017_detailed.txt"
"E11HA02-04","Chinese","Genuine","E11","Happy 2 CN",47,"Chinese Genuine Smiles","Participant 174_Participant 144 chi hap 2 C011_Analysis 1_video_20260707_180058_detailed.txt"
"E11HA03-03","Chinese","Genuine","E11","Happy 3 CN",37,"Chinese Genuine Smiles","Participant 175_Participant 145 chi hap 3 C011_Analysis 1_video_20260707_180122_detailed.txt"
"E11HA04-05","Chinese","Genuine","E11","Happy 4 CN",34,"Chinese Genuine Smiles","Participant 176_Participant 146 chi hap 4 C011_Analysis 1_video_20260707_180152_detailed.txt"
"E11HA05-04","Chinese","Genuine","E11","Happy 5 CN",37,"Chinese Genuine Smiles","Participant 177_Participant 147 chi hap 5 C011_Analysis 1_video_20260707_180217_detailed.txt"
"E11HA06-04","Chinese","Genuine","E11","Happy 6 CN",78,"Chinese Genuine Smiles","Participant 178_Participant 148 chi hap 6 C011_Analysis 1_video_20260707_180253_detailed.txt"
"E13HA01-03","Chinese","Genuine","E13","Happy 1 CN",23,"Chinese Genuine Smiles","Participant 185_Participant 155 chi hap 1 C013_Analysis 1_video_20260707_181055_detailed.txt"
"E13HA02-03","Chinese","Genuine","E13","Happy 2 CN",69,"Chinese Genuine Smiles","Participant 186_Participant 156 chi hap 2 C013_Analysis 1_video_20260707_181125_detailed.txt"
"E13HA03-03","Chinese","Genuine","E13","Happy 3 CN",69,"Chinese Genuine Smiles","Participant 187_Participant 157 chi hap 3 C013_Analysis 1_video_20260707_181201_detailed.txt"
"E13HA04-03","Chinese","Genuine","E13","Happy 4 CN",51,"Chinese Genuine Smiles","Participant 188_Participant 158 chi hap 4 C013_Analysis 1_video_20260707_181235_detailed.txt"
"E13HA05-03","Chinese","Genuine","E13","Happy 5 CN",37,"Chinese Genuine Smiles","Participant 189_Participant 159 chi hap 5 C013_Analysis 1_video_20260707_181309_detailed.txt"
"E13HA06-04","Chinese","Genuine","E13","Happy 6 CN",33,"Chinese Genuine Smiles","Participant 190_Participant 160 chi hap 6 C013_Analysis 1_video_20260707_181346_detailed.txt"
"E14HA01-02","Chinese","Genuine","E14","Happy 1 CN",40,"Chinese Genuine Smiles","Participant 197_Participant 167 chi hap 1 C014_Analysis 1_video_20260707_183148_detailed.txt"
"E14HA01-04","Chinese","Genuine","E14","Happy 1 CN",39,"Chinese Genuine Smiles","Participant 198_Participant 168  chi hap 2 C014_Analysis 1_video_20260707_183216_detailed.txt"
"E14HA02-01","Chinese","Genuine","E14","Happy 2 CN",61,"Chinese Genuine Smiles","Participant 199_Participant 169  chi hap 3 C014_Analysis 1_video_20260707_183249_detailed.txt"
"E14HA02-02","Chinese","Genuine","E14","Happy 2 CN",36,"Chinese Genuine Smiles","Participant 200_Participant 170  chi hap 4 C014_Analysis 1_video_20260707_183335_detailed.txt"
"E14HA04-01","Chinese","Genuine","E14","Happy 4 CN",67,"Chinese Genuine Smiles","Participant 201_Participant 171  chi hap 5 C014_Analysis 1_video_20260707_183530_detailed.txt"
"E14HA07-01","Chinese","Genuine","E14","Happy 7 CN",61,"Chinese Genuine Smiles","Participant 202_Participant 172  chi hap 6 C014_Analysis 1_video_20260707_183629_detailed.txt"
"E15HA01-02","Chinese","Genuine","E15","Happy 1 CN",42,"Chinese Genuine Smiles","Participant 209_Participant 179  chi hap 1 C015_Analysis 1_video_20260707_184622_detailed.txt"
"E15HA02-03","Chinese","Genuine","E15","Happy 2 CN",79,"Chinese Genuine Smiles","Participant 210_Participant 180 chi hap 2 C015_Analysis 1_video_20260707_184702_detailed.txt"
"E15HA03-01","Chinese","Genuine","E15","Happy 3 CN",38,"Chinese Genuine Smiles","Participant 211_Participant 181 chi hap 3 C015_Analysis 1_video_20260707_185026_detailed.txt"
"E15HA03-02","Chinese","Genuine","E15","Happy 3 CN",51,"Chinese Genuine Smiles","Participant 212_Participant 182 chi hap 4 C015_Analysis 1_video_20260707_185058_detailed.txt"
"E15HA06-02","Chinese","Genuine","E15","Happy 6 CN",31,"Chinese Genuine Smiles","Participant 213_Participant 183 chi hap 5 C015_Analysis 1_video_20260707_185134_detailed.txt"
"E15HA07-01","Chinese","Genuine","E15","Happy 7 CN",27,"Chinese Genuine Smiles","Participant 214_Participant 184 chi hap 6 C015_Analysis 1_video_20260707_185204_detailed.txt"
"E17HA02-01","Chinese","Genuine","E17","Happy 2 CN",70,"Chinese Genuine Smiles","Participant 221_Participant 191 chi hap 1 C017_Analysis 1_video_20260707_185846_detailed.txt"
"E17HA02-02","Chinese","Genuine","E17","Happy 2 CN",48,"Chinese Genuine Smiles","Participant 222_Participant 192 chi hap 2 C017_Analysis 1_video_20260707_185922_detailed.txt"
"E17HA03-01","Chinese","Genuine","E17","Happy 3 CN",33,"Chinese Genuine Smiles","Participant 223_Participant 193 chi hap 3 C017_Analysis 1_video_20260707_190037_detailed.txt"
"E17HA05-05","Chinese","Genuine","E17","Happy 5 CN",30,"Chinese Genuine Smiles","Participant 224_Participant 194 chi hap 4 C017_Analysis 1_video_20260707_190111_detailed.txt"
"E17HA06-02","Chinese","Genuine","E17","Happy 6 CN",50,"Chinese Genuine Smiles","Participant 225_Participant 195 chi hap 5 C017_Analysis 1_video_20260707_190144_detailed.txt"
"E17HA07-02","Chinese","Genuine","E17","Happy 7 CN",29,"Chinese Genuine Smiles","Participant 226_Participant 196 chi hap 6 C017_Analysis 1_video_20260707_190214_detailed.txt"
"E18HA01-02","Chinese","Genuine","E18","Happy 1 CN",24,"Chinese Genuine Smiles","Participant 233_Participant 203 chi hap 1 C018_Analysis 1_video_20260707_190709_detailed.txt"
"E18HA05-01","Chinese","Genuine","E18","Happy 5 CN",32,"Chinese Genuine Smiles","Participant 234_Participant 204 203 chi hap 2 C018_Analysis 1_video_20260707_190742_detailed.txt"
"E18HA05-03","Chinese","Genuine","E18","Happy 5 CN",40,"Chinese Genuine Smiles","Participant 235_Participant 205 203 chi hap 3 C018_Analysis 1_video_20260707_191912_detailed.txt"
"E18HA06-01","Chinese","Genuine","E18","Happy 6 CN",28,"Chinese Genuine Smiles","Participant 236_Participant 206 chi hap 4 C018_Analysis 1_video_20260707_191959_detailed.txt"
"E18HA07-01","Chinese","Genuine","E18","Happy 7 CN",22,"Chinese Genuine Smiles","Participant 237_Participant 207 chi hap 5 C018_Analysis 1_video_20260707_192041_detailed.txt"
"E18HA07-03","Chinese","Genuine","E18","Happy 7 CN",41,"Chinese Genuine Smiles","Participant 238_Participant 208 chi hap 6 C018_Analysis 1_video_20260707_192110_detailed.txt"
"E19HA02-04","Chinese","Genuine","E19","Happy 2 CN",40,"Chinese Genuine Smiles","Participant 245_Participant 215 chi hap 1 C019_Analysis 1_video_20260707_192839_detailed.txt"
"E19HA03-05","Chinese","Genuine","E19","Happy 3 CN",80,"Chinese Genuine Smiles","Participant 246_Participant 216 chi hap 2 C019_Analysis 1_video_20260707_192930_detailed.txt"
"E19HA03-06","Chinese","Genuine","E19","Happy 3 CN",39,"Chinese Genuine Smiles","Participant 247_Participant 217 chi hap 3 C019_Analysis 1_video_20260707_193004_detailed.txt"
"E19HA04-03","Chinese","Genuine","E19","Happy 4 CN",52,"Chinese Genuine Smiles","Participant 248_Participant 218 chi hap 4 C019_Analysis 1_video_20260707_193049_detailed.txt"
"E19HA05-03","Chinese","Genuine","E19","Happy 5 CN",25,"Chinese Genuine Smiles","Participant 249_Participant 219 chi hap 5 C019_Analysis 1_video_20260707_193123_detailed.txt"
"E19HA06-04","Chinese","Genuine","E19","Happy 6 CN",64,"Chinese Genuine Smiles","Participant 250_Participant 220 chi hap 6 C019_Analysis 1_video_20260707_193152_detailed.txt"
"E20HA01-01","Chinese","Genuine","E20","Happy 1 CN",38,"Chinese Genuine Smiles","Participant 257_Participant 228 chi hap 1 C020_Analysis 2_video_20260707_194112_detailed.txt"
"E20HA04-01","Chinese","Genuine","E20","Happy 4 CN",38,"Chinese Genuine Smiles","Participant 258_Participant 229 chi hap 2 C020_Analysis 2_video_20260707_194151_detailed.txt"
"E20HA05-02","Chinese","Genuine","E20","Happy 5 CN",37,"Chinese Genuine Smiles","Participant 259_Participant 230 chi hap 3 C020_Analysis 2_video_20260707_194222_detailed.txt"
"E20HA06-01","Chinese","Genuine","E20","Happy 6 CN",37,"Chinese Genuine Smiles","Participant 260_Participant 231 chi hap 4 C020_Analysis 3_video_20260707_194246_detailed.txt"
"E20HA06-02","Chinese","Genuine","E20","Happy 6 CN",40,"Chinese Genuine Smiles","Participant 261_Participant 232 chi hap 5 C020_Analysis 2_video_20260707_194330_detailed.txt"
"E20HA06-03","Chinese","Genuine","E20","Happy 6 CN",32,"Chinese Genuine Smiles","Participant 262_Participant 233 chi hap 6 C020_Analysis 1_video_20260707_194403_detailed.txt"
"E22HA01-03","Chinese","Genuine","E22","Happy 1 CN",42,"Chinese Genuine Smiles","Participant 269_Participant 240 chi hap 1 C022_Analysis 1_video_20260707_195923_detailed.txt"
"E22HA01-05","Chinese","Genuine","E22","Happy 1 CN",35,"Chinese Genuine Smiles","Participant 270_Participant 241 chi hap 2 C022_Analysis 1_video_20260707_200014_detailed.txt"
"E22HA02-02","Chinese","Genuine","E22","Happy 2 CN",64,"Chinese Genuine Smiles","Participant 271_Participant 242 chi hap 3 C022_Analysis 1_video_20260707_200050_detailed.txt"
"E22HA03-02","Chinese","Genuine","E22","Happy 3 CN",51,"Chinese Genuine Smiles","Participant 272_Participant 243 chi hap 4 C022_Analysis 1_video_20260707_200124_detailed.txt"
"E22HA05-01","Chinese","Genuine","E22","Happy 5 CN",40,"Chinese Genuine Smiles","Participant 273_Participant 244 chi hap 5 C022_Analysis 1_video_20260707_200150_detailed.txt"
"E22HA07-02","Chinese","Genuine","E22","Happy 7 CN",45,"Chinese Genuine Smiles","Participant 274_Participant 245 chi hap 6 C022_Analysis 1_video_20260707_200303_detailed.txt"
"E23HA01-02","Chinese","Genuine","E23","Happy 1 CN",31,"Chinese Genuine Smiles","Participant 281_Participant 252 chi hap 1 C023_Analysis 1_video_20260707_200815_detailed.txt"
"E23HA02-03","Chinese","Genuine","E23","Happy 2 CN",39,"Chinese Genuine Smiles","Participant 282_Participant 253  chi hap 2 C023_Analysis 1_video_20260707_200851_detailed.txt"
"E23HA03-01","Chinese","Genuine","E23","Happy 3 CN",50,"Chinese Genuine Smiles","Participant 283_Participant 254  chi hap 3 C023_Analysis 1_video_20260707_200941_detailed.txt"
"E23HA04-03","Chinese","Genuine","E23","Happy 4 CN",52,"Chinese Genuine Smiles","Participant 284_Participant 255  chi hap 4 C023_Analysis 1_video_20260707_201012_detailed.txt"
"E23HA05-03","Chinese","Genuine","E23","Happy 5 CN",24,"Chinese Genuine Smiles","Participant 285_Participant 256  chi hap 5 C023_Analysis 1_video_20260707_201048_detailed.txt"
"E23HA07-03","Chinese","Genuine","E23","Happy 7 CN",37,"Chinese Genuine Smiles","Participant 286_Participant 257  chi hap 6 C023_Analysis 1_video_20260707_201121_detailed.txt"
"W56HA02-01","European","Genuine","W56","Happy 2 EN",22,"Chinese Genuine Smiles","Participant 29_Participant 1 chi hap 1 56JP_noback_Analysis 1_video_20260707_144525_detailed.txt"
"E24HA01-02","Chinese","Genuine","E24","Happy 1 CN",101,"Chinese Genuine Smiles","Participant 293_Participant 264 chi hap C024_Analysis 1_video_20260713_135756_detailed.txt"
"E24HA02-03","Chinese","Genuine","E24","Happy 2 CN",51,"Chinese Genuine Smiles","Participant 294_Participant 265 chi hap 2 C024_Analysis 1_video_20260713_141253_detailed.txt"
"E24HA03-04","Chinese","Genuine","E24","Happy 3 CN",42,"Chinese Genuine Smiles","Participant 295_Participant 266 chi hap 3 C024_Analysis 1_video_20260713_141334_detailed.txt"
"E24HA05-03","Chinese","Genuine","E24","Happy 5 CN",29,"Chinese Genuine Smiles","Participant 296_Participant 267 chi hap 4 C024_Analysis 1_video_20260713_141411_detailed.txt"
"E24HA06-03","Chinese","Genuine","E24","Happy 6 CN",64,"Chinese Genuine Smiles","Participant 297_Participant 268 chi hap 5 C024_Analysis 1_video_20260713_141440_detailed.txt"
"E24HA07-02","Chinese","Genuine","E24","Happy 7 CN",37,"Chinese Genuine Smiles","Participant 298_Participant 269 chi hap 6 C024_Analysis 1_video_20260713_141618_detailed.txt"
"W56HA02-05","European","Genuine","W56","Happy 2 EN",62,"Chinese Genuine Smiles","Participant 30_Participant 2  chi hap 2 56JP_noback_Analysis 1_video_20260707_144613_detailed.txt"
"E25HA03-01","Chinese","Genuine","E25","Happy 3 CN",43,"Chinese Genuine Smiles","Participant 305_Participant 276 chi hap 1 C025_Analysis 1_video_20260713_142102_detailed.txt"
"E25HA04-01","Chinese","Genuine","E25","Happy 4 CN",87,"Chinese Genuine Smiles","Participant 306_Participant 277 chi hap 2 C025 _Analysis 1_video_20260713_142147_detailed.txt"
"E25HA04-04","Chinese","Genuine","E25","Happy 4 CN",38,"Chinese Genuine Smiles","Participant 307_Participant 278  chi hap 3 C025 _Analysis 1_video_20260713_142235_detailed.txt"
"E25HA06-02","Chinese","Genuine","E25","Happy 6 CN",45,"Chinese Genuine Smiles","Participant 308_Participant 279  chi hap 4 C025 _Analysis 1_video_20260713_142310_detailed.txt"
"E25HA07-01","Chinese","Genuine","E25","Happy 7 CN",53,"Chinese Genuine Smiles","Participant 309_Participant 280  chi hap 5 C025 _Analysis 1_video_20260713_142339_detailed.txt"
"W56HA04-03","European","Genuine","W56","Happy 4 EN",51,"Chinese Genuine Smiles","Participant 31_Participant 3  chi hap 3 56JP_noback_Analysis 1_video_20260707_144701_detailed.txt"
"E25SA07-03","Chinese","Fake","E25","Happy 7 CN",77,"Chinese Genuine Smiles","Participant 310_Participant 281  chi hap 6 C025 _Analysis 1_video_20260713_142409_detailed.txt"
"E26HA01-01","Chinese","Genuine","E26","Happy 1 CN",48,"Chinese Genuine Smiles","Participant 317_Participant 288   chi hap1 C026_Analysis 1_video_20260713_144503_detailed.txt"
"E26HA02-02","Chinese","Genuine","E26","Happy 2 CN",29,"Chinese Genuine Smiles","Participant 318_Participant 289   chi  hap 2 C026 _Analysis 1_video_20260713_144556_detailed.txt"
"E26HA02-04","Chinese","Genuine","E26","Happy 2 CN",40,"Chinese Genuine Smiles","Participant 319_Participant 290  chi hap 3 C026 _Analysis 1_video_20260713_144647_detailed.txt"
"W56HA05-03","European","Genuine","W56","Happy 5 EN",59,"Chinese Genuine Smiles","Participant 32_Participant 4  chi hap 4 56JP_noback_Analysis 1_video_20260707_144736_detailed.txt"
"E26HA03-04","Chinese","Genuine","E26","Happy 3 CN",59,"Chinese Genuine Smiles","Participant 320_Participant 291 chi hap 4 C026 _Analysis 1_video_20260713_144737_detailed.txt"
"E26HA05-04","Chinese","Genuine","E26","Happy 5 CN",33,"Chinese Genuine Smiles","Participant 321_Participant 292 chi hap 5 C026 _Analysis 1_video_20260713_144822_detailed.txt"
"E26HA06-01","Chinese","Genuine","E26","Happy 6 CN",46,"Chinese Genuine Smiles","Participant 322_Participant 293 chi hap 6 C026 _Analysis 1_video_20260713_144859_detailed.txt"
"E27HA01-01","Chinese","Genuine","E27","Happy 1 CN",23,"Chinese Genuine Smiles","Participant 329_Participant 300 chi hap 1 C027_Analysis 1_video_20260713_145330_detailed.txt"
"W56HA06-03","European","Genuine","W56","Happy 6 EN",43,"Chinese Genuine Smiles","Participant 33_Participant 5  chi hap 5 56JP_noback_Analysis 1_video_20260707_144814_detailed.txt"
"E27HA02-07","Chinese","Genuine","E27","Happy 2 CN",33,"Chinese Genuine Smiles","Participant 330_Participant 301 chi hap 2 C027_Analysis 1_video_20260713_145406_detailed.txt"
"E27HA03-02","Chinese","Genuine","E27","Happy 3 CN",60,"Chinese Genuine Smiles","Participant 331_Participant 302 chi hap 3 C027_Analysis 1_video_20260713_145432_detailed.txt"
"E27HA04-02","Chinese","Genuine","E27","Happy 4 CN",59,"Chinese Genuine Smiles","Participant 332_Participant 303 chi hap 4 C027_Analysis 1_video_20260713_145500_detailed.txt"
"E27HA05-02","Chinese","Genuine","E27","Happy 5 CN",21,"Chinese Genuine Smiles","Participant 333_Participant 304 chi hap 5 C027_Analysis 1_video_20260713_145526_detailed.txt"
"E27HA07-01","Chinese","Genuine","E27","Happy 7 CN",30,"Chinese Genuine Smiles","Participant 334_Participant 305 chi hap 6 C027_Analysis 1_video_20260713_145551_detailed.txt"
"W56HA06-04","European","Genuine","W56","Happy 6 EN",75,"Chinese Genuine Smiles","Participant 34_Participant 6  chi hap 6 56JP_noback_Analysis 1_video_20260707_144854_detailed.txt"
"E28HA01-01","Chinese","Genuine","E28","Happy 1 CN",72,"Chinese Genuine Smiles","Participant 341_Participant 312 chi hap 1 C028_Analysis 1_video_20260713_150016_detailed.txt"
"E28HA02-03","Chinese","Genuine","E28","Happy 2 CN",69,"Chinese Genuine Smiles","Participant 342_Participant 313 chi hap 2 C028_Analysis 1_video_20260713_150100_detailed.txt"
"E28HA03-02","Chinese","Genuine","E28","Happy 3 CN",57,"Chinese Genuine Smiles","Participant 343_Participant 314 chi hap 3 C028_Analysis 1_video_20260713_150137_detailed.txt"
"E28HA06-04","Chinese","Genuine","E28","Happy 6 CN",33,"Chinese Genuine Smiles","Participant 344_Participant 315 chi hap 4 C028_Analysis 1_video_20260713_150212_detailed.txt"
"E28HA07-02","Chinese","Genuine","E28","Happy 7 CN",69,"Chinese Genuine Smiles","Participant 345_Participant 316 chi hap 5 C028_Analysis 1_video_20260713_150238_detailed.txt"
"E28HA07-04","Chinese","Genuine","E28","Happy 7 CN",55,"Chinese Genuine Smiles","Participant 346_Participant 317 chi hap 6 C028_Analysis 1_video_20260713_150305_detailed.txt"
"E30HA01-04","Chinese","Genuine","E30","Happy 1 CN",67,"Chinese Genuine Smiles","Participant 353_Participant 324 chi hap 1 C030_Analysis 1_video_20260713_150729_detailed.txt"
"E30HA02-01","Chinese","Genuine","E30","Happy 2 CN",42,"Chinese Genuine Smiles","Participant 354_Participant 325 chi hap 2 C030 _Analysis 1_video_20260713_150909_detailed.txt"
"E30HA03-03","Chinese","Genuine","E30","Happy 3 CN",45,"Chinese Genuine Smiles","Participant 355_Participant 326 chi hap 3 C030 _Analysis 1_video_20260713_150933_detailed.txt"
"E30HA04-04","Chinese","Genuine","E30","Happy 4 CN",25,"Chinese Genuine Smiles","Participant 356_Participant 327 chi hap 4 C030 _Analysis 1_video_20260713_151438_detailed.txt"
"E30HA05-02","Chinese","Genuine","E30","Happy 5 CN",28,"Chinese Genuine Smiles","Participant 357_Participant 328 chi hap 5 C030 _Analysis 1_video_20260713_151550_detailed.txt"
"E30HA07-01","Chinese","Genuine","E30","Happy 7 CN",44,"Chinese Genuine Smiles","Participant 358_Participant 329  chi hap 6 C030 _Analysis 1_video_20260713_151635_detailed.txt"
"E31HA01-02","Chinese","Genuine","E31","Happy 1 CN",40,"Chinese Genuine Smiles","Participant 365_Participant 336 chi hap 1 C031_Analysis 1_video_20260713_152030_detailed.txt"
"E31HA03-01","Chinese","Genuine","E31","Happy 3 CN",86,"Chinese Genuine Smiles","Participant 366_Participant 337 chi hap 2 C031_Analysis 1_video_20260713_152057_detailed.txt"
"E31HA04-01","Chinese","Genuine","E31","Happy 4 CN",72,"Chinese Genuine Smiles","Participant 367_Participant 338 chi hap 3 C031_Analysis 1_video_20260713_152125_detailed.txt"
"E31HA04-02","Chinese","Genuine","E31","Happy 4 CN",91,"Chinese Genuine Smiles","Participant 368_Participant 339 chi hap 4 C031_Analysis 1_video_20260713_152210_detailed.txt"
"E31HA05-03","Chinese","Genuine","E31","Happy 5 CN",81,"Chinese Genuine Smiles","Participant 369_Participant 340 chi hap 5 C031_Analysis 1_video_20260713_152242_detailed.txt"
"E31HA05-04","Chinese","Genuine","E31","Happy 5 CN",104,"Chinese Genuine Smiles","Participant 370_Participant 341 chi hap 6 C031_Analysis 1_video_20260713_152308_detailed.txt"
"E32HA01-02","Chinese","Genuine","E32","Happy 1 CN",36,"Chinese Genuine Smiles","Participant 377_Participant 348 chi hap 1 C032_Analysis 1_video_20260713_152803_detailed.txt"
"E32HA02-03","Chinese","Genuine","E32","Happy 2 CN",74,"Chinese Genuine Smiles","Participant 378_Participant 349 chi hap 2 C032_Analysis 1_video_20260713_152853_detailed.txt"
"E32HA03-03","Chinese","Genuine","E32","Happy 3 CN",36,"Chinese Genuine Smiles","Participant 379_Participant 350 chi hap 3 C032_Analysis 1_video_20260713_152917_detailed.txt"
"E32HA04-01","Chinese","Genuine","E32","Happy 4 CN",45,"Chinese Genuine Smiles","Participant 380_Participant 351 chi hap 4 C032_Analysis 1_video_20260713_152942_detailed.txt"
"E32HA05-02","Chinese","Genuine","E32","Happy 5 CN",61,"Chinese Genuine Smiles","Participant 381_Participant 352 chi hap 5 C032_Analysis 1_video_20260713_153037_detailed.txt"
"W70HA01-02","European","Genuine","W70","Happy 1 EN",41,"Chinese Genuine Smiles","Participant 41_Participant 13 chi hap 1 70JP_noback_Analysis 1_video_20260707_145557_detailed.txt"
"W70HA04-03","European","Genuine","W70","Happy 4 EN",56,"Chinese Genuine Smiles","Participant 42_Participant 14 chi hap 2 70JP_noback_Analysis 1_video_20260707_145908_detailed.txt"
"W70HA06-02","European","Genuine","W70","Happy 6 EN",61,"Chinese Genuine Smiles","Participant 43_Participant 15 chi hap 3 70JP_noback_Analysis 1_video_20260707_145939_detailed.txt"
"W70HA06-03","European","Genuine","W70","Happy 6 EN",79,"Chinese Genuine Smiles","Participant 44_Participant 16 chi hap 4 70JP_noback_Analysis 1_video_20260707_150056_detailed.txt"
"W70HA07-02","European","Genuine","W70","Happy 7 EN",30,"Chinese Genuine Smiles","Participant 45_Participant 17 chi hap 5 70JP_noback_Analysis 1_video_20260707_150148_detailed.txt"
"W70HA07-04","European","Genuine","W70","Happy 7 EN",53,"Chinese Genuine Smiles","Participant 46_Participant 18 chi hap 6 70JP_noback_Analysis 1_video_20260707_150255_detailed.txt"
"W71HA04-04","European","Genuine","W71","Happy 4 EN",27,"Chinese Genuine Smiles","Participant 53_Participant 25 chi hap 1 71JP_noback_Analysis 1_video_20260707_150944_detailed.txt"
"W71HA05-02","European","Genuine","W71","Happy 5 EN",69,"Chinese Genuine Smiles","Participant 54_Participant 26 chi hap 2 71JP_noback_Analysis 1_video_20260707_151052_detailed.txt"
"W71HA05-03","European","Genuine","W71","Happy 5 EN",32,"Chinese Genuine Smiles","Participant 55_Participant 27 chi hap 3 71JP_noback_Analysis 1_video_20260707_151138_detailed.txt"
"W71HA06-02","European","Genuine","W71","Happy 6 EN",31,"Chinese Genuine Smiles","Participant 56_Participant 28 chi hap 4 71JP_noback_Analysis 1_video_20260707_151208_detailed.txt"
"W71HA07-01","European","Genuine","W71","Happy 7 EN",38,"Chinese Genuine Smiles","Participant 57_Participant 29 chi hap 5 71JP_noback_Analysis 1_video_20260707_151245_detailed.txt"
"W71HA07-02","European","Genuine","W71","Happy 7 EN",65,"Chinese Genuine Smiles","Participant 58_Participant 30 chi hap 6 71JP_noback_Analysis 1_video_20260707_151355_detailed.txt"
"W71HA01-03","European","Genuine","W71","Happy 1 EN",60,"Chinese Genuine Smiles","Participant 65_Participant 37 chi hap 1 72SGP_noback_Analysis 2_video_20260707_151931_detailed.txt"
"W72HA01-01","European","Genuine","W72","Happy 1 EN",44,"Chinese Genuine Smiles","Participant 66_Participant 38 chi hap 2 72SGP_noback_Analysis 1_video_20260707_152002_detailed.txt"
"W72HA02-03","European","Genuine","W72","Happy 2 EN",42,"Chinese Genuine Smiles","Participant 67_Participant 39 chi hap 3 72SGP_noback_Analysis 1_video_20260707_152037_detailed.txt"
"W72HA03-01","European","Genuine","W72","Happy 3 EN",56,"Chinese Genuine Smiles","Participant 68_Participant 40 chi hap 4 72SGP_noback_Analysis 1_video_20260707_152120_detailed.txt"
"W72HA04-04","European","Genuine","W72","Happy 4 EN",42,"Chinese Genuine Smiles","Participant 69_Participant 41 chi hap 5 72SGP_noback_Analysis 1_video_20260707_152148_detailed.txt"
"W72HA05-02","European","Genuine","W72","Happy 5 EN",49,"Chinese Genuine Smiles","Participant 70_Participant 42 chi hap 6 72SGP_noback_Analysis 1_video_20260707_152226_detailed.txt"
"W73HA01-01","European","Genuine","W73","Happy 1 EN",32,"Chinese Genuine Smiles","Participant 77_Participant 48  chi hap 1 73CN_noback_Analysis 1_video_20260707_155212_detailed.txt"
"W73HA01-03","European","Genuine","W73","Happy 1 EN",43,"Chinese Genuine Smiles","Participant 78_Participant 49 chi hap 2 73CN_noback_Analysis 1_video_20260707_155257_detailed.txt"
"W73HA02-03","European","Genuine","W73","Happy 2 EN",64,"Chinese Genuine Smiles","Participant 79_Participant 50 chi hap 3 73CN_noback_Analysis 1_video_20260707_155416_detailed.txt"
"W73HA02-04","European","Genuine","W73","Happy 2 EN",26,"Chinese Genuine Smiles","Participant 80_Participant 51 chi hap 4 73CN_noback_Analysis 1_video_20260707_155447_detailed.txt"
"W73HA03-03","European","Genuine","W73","Happy 3 EN",60,"Chinese Genuine Smiles","Participant 81_Participant 52 chi hap 5 73CN_noback_Analysis 1_video_20260707_155522_detailed.txt"
"W73HA04-01","European","Genuine","W73","Happy 4 EN",39,"Chinese Genuine Smiles","Participant 82_Participant 53 chi hap 6 73CN_noback_Analysis 1_video_20260707_155617_detailed.txt"
"E1HA02-02","Chinese","Genuine","E1","Happy 2 CN",32,"Chinese Genuine Smiles","Participant 89_Participant 60 chi hap 1 C00_Analysis 1_video_20260707_160856_detailed.txt"
"E1HA03-03","Chinese","Genuine","E1","Happy 3 CN",46,"Chinese Genuine Smiles","Participant 90_Participant 61 chi hap 2 C00_Analysis 1_video_20260707_161001_detailed.txt"
"E1HA03-04","Chinese","Genuine","E1","Happy 3 CN",52,"Chinese Genuine Smiles","Participant 91_Participant 62 chi hap 3 C00_Analysis 1_video_20260707_161031_detailed.txt"
"E1HA04-01","Chinese","Genuine","E1","Happy 4 CN",33,"Chinese Genuine Smiles","Participant 92_Participant 63 chi hap 4 C00_Analysis 1_video_20260707_161058_detailed.txt"
"E1HA05-01","Chinese","Genuine","E1","Happy 5 CN",48,"Chinese Genuine Smiles","Participant 93_Participant 64 chi hap 5 C00_Analysis 1_video_20260707_161131_detailed.txt"
"E1HA06-01","Chinese","Genuine","E1","Happy 6 CN",35,"Chinese Genuine Smiles","Participant 94_Participant 65 chi hap 6 C00_Analysis 1_video_20260707_161200_detailed.txt"
